{
    "apps": [
        {
            "name": "startup",
            "script": "/root/git/bwb/startup.py",
            "exec_interpreter": "python",
            "merge_logs": false,
            "watch": false,
            "error_file": "/root/quant/logs/bn_alpha2.pro.error.log",
            "out_file": "/root/quant/logs/bn_alpha2.pro.out.log"
        },
        {
            "name": "data_center",
            "script": "/root/git/bwb/data_center.py",
            "exec_interpreter": "python",
            "merge_logs": false,
            "watch": false,
            "error_file": "/root/quant/logs/data_center.pro.error.log",
            "out_file": "/root/quant/logs/data_center.pro.out.log"
        },
        {
            "name": "monitor",
            "script": "/root/git/bwb/monitor.py",
            "exec_interpreter": "python",
            "merge_logs": false,
            "watch": false,
            "error_file": "/root/quant/logs/monitor.pro.error.log",
            "out_file": "/root/quant/logs/monitor.pro.out.log"
        },
        {
            "name": "delist",
            "script": "/root/git/bwb/delist.py",
            "exec_interpreter": "python",
            "merge_logs": false,
            "watch": false,
            "error_file": "/root/quant/logs/delist.pro.error.log",
            "out_file": "/root/quant/logs/delist.pro.out.log"
        }
    ]
}